Classes,F,FA,FR %,FRA %,XI,F.XI,XI2,F.XI2,XI.LI
"(0.63, 1.44]",4,4,0.10256410256410256,0.10256410256410256,1.0350000000000001,1.0350000000000001,1.0712250000000003,1.0712250000000003,4.140000000000001
"(1.44, 2.25]",4,8,0.10256410256410256,0.20512820512820512,1.845,2.88,3.404025,4.47525,7.38
"(2.25, 3.06]",6,14,0.15384615384615385,0.358974358974359,2.6550000000000002,5.535,7.049025000000001,11.524275000000001,15.930000000000001
"(3.06, 3.87]",4,18,0.10256410256410256,0.46153846153846156,3.465,9.0,12.006224999999999,23.5305,13.86
"(3.87, 4.68]",3,21,0.07692307692307693,0.5384615384615385,4.275,13.275,18.275625,41.806125,12.825000000000001
"(4.68, 5.49]",2,23,0.05128205128205128,0.5897435897435899,5.085,18.36,25.857225,67.66335000000001,10.17
"(5.49, 6.3]",16,39,0.41025641025641024,1.0,5.8950000000000005,24.255,34.751025000000006,102.414375,94.32000000000001
