Classes,F,FA,FR %,FRA%,XI,F.XI,XI2,F.XI2,XI.LI
"(22.911, 34.125]",9,9,0.0891089108910891,0.0891089108910891,28.56,28.56,815.6736,815.6736,257.03999999999996
"(34.125, 45.25]",10,19,0.09900990099009901,0.18811881188118812,39.68,68.24,1574.5024,2390.176,396.8
"(45.25, 56.375]",9,28,0.0891089108910891,0.27722772277227725,50.8,119.03999999999999,2580.64,4970.816,457.2
"(56.375, 67.5]",13,41,0.12871287128712872,0.40594059405940597,61.919999999999995,180.95999999999998,3834.0863999999992,8804.902399999999,804.9599999999999
"(67.5, 78.625]",14,55,0.13861386138613863,0.5445544554455446,73.03999999999999,253.99999999999997,5334.841599999999,14139.743999999999,1022.56
"(78.625, 89.75]",10,65,0.09900990099009901,0.6435643564356436,84.16,338.15999999999997,7082.905599999999,21222.649599999997,841.5999999999999
"(89.75, 100.875]",26,91,0.25742574257425743,0.900990099009901,95.28,433.43999999999994,9078.278400000001,30300.928,2477.28
"(100.875, 112.0]",10,101,0.09900990099009901,1.0,106.4,539.8399999999999,11320.960000000001,41621.888,1064.0
