Classes,F,FA,FR %,FRA %,XI,F.XI,XI2,F.XI2,XI.LI
"(0.624, 1.439]",5,5,0.125,0.125,1.0350000000000001,1.0350000000000001,1.0712250000000003,1.0712250000000003,5.175000000000001
"(1.439, 2.247]",4,9,0.1,0.225,1.845,2.88,3.404025,4.47525,7.38
"(2.247, 3.056]",6,15,0.15,0.375,2.6550000000000002,5.535,7.049025000000001,11.524275000000001,15.930000000000001
"(3.056, 3.864]",4,19,0.1,0.475,3.465,9.0,12.006224999999999,23.5305,13.86
"(3.864, 4.673]",3,22,0.075,0.5499999999999999,4.275,13.275,18.275625,41.806125,12.825000000000001
"(4.673, 5.481]",2,24,0.05,0.6,5.085,18.36,25.857225,67.66335000000001,10.17
"(5.481, 6.29]",16,40,0.4,1.0,5.8950000000000005,24.255,34.751025000000006,102.414375,94.32000000000001
