Classes,f,f%,F,F %,xi,xi.fi,xi²,xi².fi
"(22.911, 34.125]",9,0.0891089108910891,9,0.0891089108910891,28.518,256.66200000000003,813.276324,7319.486916000001
"(34.125, 45.25]",10,0.09900990099009901,19,0.18811881188118812,39.6875,396.875,1575.09765625,15750.9765625
"(45.25, 56.375]",9,0.0891089108910891,28,0.27722772277227725,50.8125,457.3125,2581.91015625,23237.19140625
"(56.375, 67.5]",13,0.12871287128712872,41,0.40594059405940597,61.9375,805.1875,3836.25390625,49871.30078125
"(67.5, 78.625]",14,0.13861386138613863,55,0.5445544554455446,73.0625,1022.875,5338.12890625,74733.8046875
"(78.625, 89.75]",10,0.09900990099009901,65,0.6435643564356436,84.1875,841.875,7087.53515625,70875.3515625
"(89.75, 100.875]",26,0.25742574257425743,91,0.900990099009901,95.3125,2478.125,9084.47265625,236196.2890625
"(100.875, 112.0]",10,0.09900990099009901,101,1.0,106.4375,1064.375,11328.94140625,113289.4140625
