Classes,f,f%,F,F %,xi,xi.fi,xi²,xi².fi
"(0.997, 2.5]",2,0.5,2,0.5,1.7485,3.497,3.05725225,6.1145045
"(2.5, 4.0]",2,0.5,4,1.0,3.25,6.5,10.5625,21.125
